{"count":1,"self":655.975424,"total":3238.1135363,"children":{"AgentSendState":{"count":1250201,"self":7.5325391999999995,"total":127.7470333,"children":{"CollectObservations":{"count":500082,"self":1.1255102,"total":1.1255102,"children":null},"CollectDiscreteActionMasks":{"count":500082,"self":0.41070019999999996,"total":0.41070019999999996,"children":null},"AgentInfo.ToProto":{"count":500082,"self":2.2422096,"total":118.67828379999999,"children":{"GenerateSensorData":{"count":500082,"self":116.43607039999999,"total":116.4360743,"children":null}}}}},"DecideAction":{"count":1250201,"self":2441.11872,"total":2441.1187055,"children":null},"AgentAct":{"count":1250201,"self":12.7877352,"total":13.2713483,"children":{"AgentInfo.ToProto":{"count":1649,"self":0.0100029,"total":0.48361279999999995,"children":{"GenerateSensorData":{"count":1649,"self":0.4736099,"total":0.4736099,"children":null}}}}}},"gauges":{"FightToSurvive.CumulativeReward":{"count":1649,"max":8.299995,"min":-4930.515,"runningAverage":-332.9571,"value":-1000.0426,"weightedAverage":-1002.82733}},"metadata":{"timer_format_version":"0.1.0","start_time_seconds":"1655143575","unity_version":"2020.3.30f1","command_line_arguments":"C:\\Program Files\\Unity\\Hub\\Editor\\2020.3.30f1\\Editor\\Unity.exe -projectpath D:\/Git Repos\/Revenge-of-Zeus -useHub -hubIPC -cloudEnvironment production -hubSessionId 265d5cf0-eaf6-11ec-86a4-77994d07e8b3 -accessToken YA57I8XF6x9I_3gslycUZqV9XZrbWW1D0BwWtaNlgsU011f","communication_protocol_version":"1.0.0","com.unity.ml-agents_version":"1.0.6","scene_name":"Training","end_time_seconds":"1655146813"}}