{"count":1,"self":57.219750399999995,"total":176.1118488,"children":{"AgentSendState":{"count":62251,"self":0.41392409999999996,"total":6.5521930999999993,"children":{"CollectObservations":{"count":24902,"self":0.0579772,"total":0.0579772,"children":null},"CollectDiscreteActionMasks":{"count":24902,"self":0.021966799999999998,"total":0.021966799999999998,"children":null},"AgentInfo.ToProto":{"count":24902,"self":0.12093119999999999,"total":6.058325,"children":{"GenerateSensorData":{"count":24902,"self":5.9373936,"total":5.9373938,"children":null}}}}},"DecideAction":{"count":62251,"self":111.3990912,"total":111.3990931,"children":null},"AgentAct":{"count":62251,"self":0.55183419999999994,"total":0.9398124,"children":{"AgentInfo.ToProto":{"count":1175,"self":0.0090016,"total":0.3879782,"children":{"GenerateSensorData":{"count":1175,"self":0.3789766,"total":0.3789766,"children":null}}}}}},"gauges":{"FightToSurvive.CumulativeReward":{"count":1175,"max":0,"min":-3059.41162,"runningAverage":-43.6256523,"value":-109.7,"weightedAverage":-52.23619}},"metadata":{"timer_format_version":"0.1.0","start_time_seconds":"1654439676","unity_version":"2020.3.30f1","command_line_arguments":"C:\\Program Files\\Unity\\Hub\\Editor\\2020.3.30f1\\Editor\\Unity.exe -projectpath D:\/Git Repos\/Revenge-of-Zeus -useHub -hubIPC -cloudEnvironment production -hubSessionId 53fe1220-e4c6-11ec-9424-6b75ae855413 -accessToken UusU3E9w2u40gErs3CNn3a06a997uhdZqGwbKPHEau4011f","communication_protocol_version":"1.0.0","com.unity.ml-agents_version":"1.0.6","scene_name":"Training","end_time_seconds":"1654439852"}}