{"count":1,"self":759.7997568,"total":2751.1240589999998,"children":{"AgentSendState":{"count":934134,"self":5.4811207999999993,"total":91.996316999999991,"children":{"CollectObservations":{"count":373654,"self":0.96702219999999994,"total":0.96702219999999994,"children":null},"CollectDiscreteActionMasks":{"count":373654,"self":0.2567663,"total":0.2567663,"children":null},"AgentInfo.ToProto":{"count":373654,"self":1.5387724999999999,"total":85.2914079,"children":{"GenerateSensorData":{"count":373654,"self":83.7526336,"total":83.7526354,"children":null}}}}},"DecideAction":{"count":934134,"self":1866.888192,"total":1866.8881405,"children":null},"AgentAct":{"count":934134,"self":16.8034016,"total":32.4388311,"children":{"AgentInfo.ToProto":{"count":53203,"self":0.3603301,"total":15.635429199999999,"children":{"GenerateSensorData":{"count":53203,"self":15.2750992,"total":15.275099099999998,"children":null}}}}}},"gauges":{"FightToSurvive.CumulativeReward":{"count":53203,"max":0.900000155,"min":-235.799133,"runningAverage":-1.00462508,"value":-0.8,"weightedAverage":-0.8000001}},"metadata":{"timer_format_version":"0.1.0","start_time_seconds":"1655132948","unity_version":"2020.3.30f1","command_line_arguments":"C:\\Program Files\\Unity\\Hub\\Editor\\2020.3.30f1\\Editor\\Unity.exe -projectpath D:\/Git Repos\/Revenge-of-Zeus -useHub -hubIPC -cloudEnvironment production -hubSessionId 265d5cf0-eaf6-11ec-86a4-77994d07e8b3 -accessToken YA57I8XF6x9I_3gslycUZqV9XZrbWW1D0BwWtaNlgsU011f","communication_protocol_version":"1.0.0","com.unity.ml-agents_version":"1.0.6","scene_name":"Training","end_time_seconds":"1655135699"}}