{"count":1,"self":1161.0991616,"total":4046.1165604,"children":{"AgentSendState":{"count":1250067,"self":7.4871615999999994,"total":123.4428178,"children":{"CollectObservations":{"count":500028,"self":1.2617591,"total":1.2617591,"children":null},"CollectDiscreteActionMasks":{"count":500028,"self":0.3607246,"total":0.3607246,"children":null},"AgentInfo.ToProto":{"count":500028,"self":2.1972207999999998,"total":114.33317219999999,"children":{"GenerateSensorData":{"count":500028,"self":112.1359488,"total":112.1359514,"children":null}}}}},"DecideAction":{"count":1250067,"self":2697.6352256,"total":2697.6352460999997,"children":null},"AgentAct":{"count":1250067,"self":17.176968,"total":63.937296999999994,"children":{"AgentInfo.ToProto":{"count":157190,"self":0.8015996,"total":46.7603291,"children":{"GenerateSensorData":{"count":157190,"self":45.9587296,"total":45.9587295,"children":null}}}}}},"gauges":{"FightToSurvive.CumulativeReward":{"count":157190,"max":52.4001274,"min":-3500.33984,"runningAverage":-4.116325,"value":-2.5,"weightedAverage":-2.49999952}},"metadata":{"timer_format_version":"0.1.0","start_time_seconds":"1655115736","unity_version":"2020.3.30f1","command_line_arguments":"C:\\Program Files\\Unity\\Hub\\Editor\\2020.3.30f1\\Editor\\Unity.exe -projectpath D:\/Git Repos\/Revenge-of-Zeus -useHub -hubIPC -cloudEnvironment production -hubSessionId 265d5cf0-eaf6-11ec-86a4-77994d07e8b3 -accessToken YA57I8XF6x9I_3gslycUZqV9XZrbWW1D0BwWtaNlgsU011f","communication_protocol_version":"1.0.0","com.unity.ml-agents_version":"1.0.6","scene_name":"Training","end_time_seconds":"1655119782"}}